<component size="70,70">
  <displayList>
    <image id="n2" name="n2" src="duef66" xy="1,4" pivot="33,30"/>
    <image id="n0" name="n0" src="duef66" xy="1,4" pivot="33,30"/>
    <image id="n1" name="n1" src="duef67" xy="30,16" pivot="5,20"/>
  </displayList>
  <transition name="t0">
    <item time="0" type="Rotation" target="n1" tween="true" startValue="0" endValue="-20" duration="4" ease="Linear"/>
    <item time="4" type="Rotation" target="n1" tween="true" startValue="-20" endValue="20" duration="4" ease="Linear" repeat="2" yoyo="true"/>
    <item time="17" type="Rotation" target="n1" tween="true" startValue="20" endValue="0" duration="4" ease="Linear"/>
    <item time="21" type="Alpha" target="n0" tween="true" startValue="1.00" endValue="0.00" duration="10"/>
    <item time="21" type="Scale" target="n0" tween="true" startValue="1.00,1.00" endValue="1.50,1.50" duration="10"/>
  </transition>
</component>