<component size="640,890">
  <displayList>
    <graph id="n24" name="n24" xy="47,760" size="425,120" type="rect" fillColor="#ff000000"/>
    <component id="n0" name="n0" src="es412z" xy="43,42"/>
    <text id="n7" name="n7" xy="106,17" size="89,16" fontSize="12" text="溢出处理：隐藏"/>
    <group id="n8" name="n8" xy="43,17" size="224,335"/>
    <graph id="n4" name="n4" xy="19,387" size="341,151" type="rect" fillColor="#ff000000"/>
    <component id="n3" name="n3" src="smv73f" xy="19,387"/>
    <text id="n10" name="n10" xy="138,367" size="89,16" fontSize="12" text="可滚动文本示例"/>
    <group id="n12" name="n12" xy="19,367" size="341,171"/>
    <component id="n2" name="n2" src="smv731" xy="321,41"/>
    <text id="n9" name="n9" xy="381,20" size="113,16" fontSize="12" text="溢出处理：自由滚动"/>
    <group id="n13" name="n13" xy="321,20" size="225,331"/>
    <graph id="n17" name="n17" xy="393,382" size="225,343" type="rect" fillColor="#ff000000"/>
    <component id="n14" name="n14" src="smv73g" xy="393,382"/>
    <text id="n15" name="n15" xy="411,362" size="167,16" fontSize="12" text="溢出处理：垂直滚动+边缘留空"/>
    <group id="n16" name="n16" xy="393,362" size="225,363"/>
    <graph id="n19" name="n19" xy="19,569" size="341,151" type="rect" fillColor="#ff000000"/>
    <component id="n18" name="n18" src="smv73h" xy="19,569"/>
    <text id="n20" name="n20" xy="142,548" size="101,16" fontSize="12" text="滚动条显示在左边"/>
    <group id="n21" name="n21" xy="19,548" size="341,172"/>
    <component id="n22" name="n22" src="smv73i" xy="47,761"/>
    <text id="n23" name="n23" xy="113,737" size="125,16" fontSize="12" text="滚动条可以自定义位置"/>
    <group id="n25" name="n25" xy="47,737" size="425,144"/>
  </displayList>
</component>