<movieclip pivot="30,29" interval="125" frameCount="15">
  <frames>
    <frame rect="0,0,59,56"/>
    <frame rect="0,0,59,56"/>
    <frame rect="0,0,59,56"/>
    <frame rect="0,1,59,57"/>
    <frame rect="0,0,59,56"/>
    <frame rect="0,1,59,57"/>
    <frame rect="0,0,59,56"/>
    <frame rect="0,1,59,57"/>
    <frame rect="0,0,59,56"/>
    <frame rect="0,1,59,57"/>
    <frame rect="0,0,59,56"/>
    <frame rect="0,1,59,57"/>
    <frame rect="0,0,59,56"/>
    <frame rect="0,0,59,59"/>
    <frame rect="0,0,59,59" addDelay="1041"/>
  </frames>
</movieclip>