<component size="100,20" extention="ComboBox">
  <controller name="button" pages="0,up,1,down,2,over,3,selectedOver" selected="0"/>
  <displayList>
    <image id="n1" name="n1" src="rt103u" xy="0,0" size="100,20">
      <gearDisplay controller="button" pages="0"/>
      <relation target="" sidePair="width-width,height-height"/>
    </image>
    <image id="n2" name="n2" src="rt103v" xy="0,0" size="100,20">
      <gearDisplay controller="button" pages="1,3"/>
      <relation target="" sidePair="width-width,height-height"/>
    </image>
    <image id="n3" name="n3" src="rt103w" xy="0,0" size="100,20">
      <gearDisplay controller="button" pages="2"/>
      <relation target="" sidePair="width-width,height-height"/>
    </image>
    <text id="n4" name="title" xy="2,2" size="78,16" fontSize="12" color="#ffcc00" autoSize="none">
      <relation target="" sidePair="width-width,height-height"/>
    </text>
    <image id="n5" name="n5" src="rt103x" xy="83,2"/>
  </displayList>
  <ComboBox dropdown="ui://9leh0eyfrt103y"/>
</component>