<component size="640,525">
  <controller name="c1" pages="0,,1," selected="0"/>
  <displayList>
    <graph id="n3" name="n3" xy="178,192" size="100,100" type="rect" fillColor="#ff666699">
      <gearXY controller="c1" pages="0,1" values="178,192|60,328" default="174,120" tween="true"/>
      <gearSize controller="c1" pages="0,1" values="-|196,174,1.00,1.00" default="100,100,1.00,1.00" tween="true"/>
    </graph>
    <text id="n0" name="n0" xy="18,21" size="587,66" fontSize="16" autoSize="none" text="控制器是FairyGUI核心特色功能之一。控制器包含多个页面，元件可以在不同页面中具有不同状态。尝试改变c1控制器（通过点击顶部的控制器，或点击下面的按钮），观察不同效果。"/>
    <graph id="n5" name="n5" xy="62,192" size="100,100" type="rect">
      <gearXY controller="c1" pages="0,1" values="62,192|169,194" default="36,310" tween="true"/>
    </graph>
    <text id="n6" name="n6" xy="188,262" size="69,20" fontSize="16" color="#ffffff" text="FairyGUI">
      <gearColor controller="c1" pages="0,1" values="-|#000000" default="#ffffff"/>
    </text>
    <image id="n7" name="n7" src="h5p722" xy="130,314" pivot="45,45" size="90,90">
      <gearXY controller="c1" pages="0,1" values="130,314|314,349" default="126,242" tween="true"/>
      <gearSize controller="c1" pages="0,1" values="-|132,132,1.00,1.00" default="90,90,1.00,1.00" tween="true"/>
      <gearLook controller="c1" pages="0,1" values="-|0.54,180,0" default="1.00,0,0" tween="true"/>
    </image>
    <image id="n8" name="n8" src="wa8u2t" xy="296,197">
      <gearDisplay controller="c1" pages="1"/>
    </image>
    <image id="n9" name="n9" src="wa8u2u" xy="62,197">
      <gearColor controller="c1" pages="0,1" values="-|#66ff99" default="#ffffff"/>
    </image>
    <movieclip id="n10" name="n10" src="hixt1v" xy="419,206">
      <gearAni controller="c1" pages="0,1" values="-|0,s" default="0,p"/>
    </movieclip>
    <component id="n11" name="n11" src="rpmb12" xy="86,116">
      <Button controller="c1" page="1"/>
    </component>
  </displayList>
</component>